<?xml version="1.0" encoding="UTF-8"?>
<project-private xmlns="http://www.netbeans.org/ns/project-private/1">
    <editor-bookmarks xmlns="http://www.netbeans.org/ns/editor-bookmarks/2" lastBookmarkId="0"/>
    <open-files xmlns="http://www.netbeans.org/ns/projectui-open-files/2">
        <group>
            <file>file:/E:/adProcV2-master/src/boxes/CardboardBox.java</file>
            <file>file:/E:/adProcV2-master/src/boxes/CardboardBoxV.java</file>
            <file>file:/E:/adProcV2-master/src/boxes/CardboardBoxI.java</file>
            <file>file:/E:/adProcV2-master/src/ui/GUI.java</file>
            <file>file:/E:/adProcV2-master/src/boxes/CardboardBoxIII.java</file>
            <file>file:/E:/adProcV2-master/src/order/Order.java</file>
            <file>file:/E:/adProcV2-master/src/boxes/CardboardBoxII.java</file>
            <file>file:/E:/adProcV2-master/src/main/Main.java</file>
            <file>file:/E:/adProcV2-master/src/boxes/CardboardBoxIV.java</file>
        </group>
    </open-files>
</project-private>
